{"BTC-USD":70522.5859375,"DX-Y.NYB":99.6500015259,"ETH-USD":2146.4970703125,"^GSPC":6506.4799804688,"^TNX":4.390999794,"^VIX":26.7800006866,"BTC-USD_ret_1d":0.0087222507,"DX-Y.NYB_ret_1d":0.0042325724,"ETH-USD_ret_1d":0.0042449429,"^GSPC_ret_1d":-0.0151381824,"^TNX_ret_1d":0.0256948501,"^VIX_ret_1d":0.1130507598,"BTC-USD_ret_20d":0.0370141673,"DX-Y.NYB_ret_20d":0.0189161392,"ETH-USD_ret_20d":0.0901334271,"^GSPC_ret_20d":-0.0583297222,"^TNX_ret_20d":0.0746450883,"^VIX_ret_20d":0.4028287309,"BTC-USD_ret_wtd":-0.0062799856,"DX-Y.NYB_ret_wtd":-0.0070745225,"ETH-USD_ret_wtd":0.0257739344,"^GSPC_ret_wtd":-0.0189545176,"^TNX_ret_wtd":0.0247374447,"^VIX_ret_wtd":-0.0150790673,"BTC-USD_ret_mtd":-0.1617293193,"DX-Y.NYB_ret_mtd":0.0274255461,"ETH-USD_ret_mtd":-0.2056998468,"^GSPC_ret_mtd":-0.0623357758,"^TNX_ret_mtd":0.0353689253,"^VIX_ret_mtd":0.5355504511,"BTC-USD_z63":-0.7681486327,"DX-Y.NYB_z63":1.4457778925,"ETH-USD_z63":-0.7001596271,"^GSPC_z63":-3.5222820634,"^TNX_z63":2.7165009957,"^VIX_z63":1.9821244182,"BTC-USD_z252":-1.7176776156,"DX-Y.NYB_z252":0.4633209837,"ETH-USD_z252":-0.9510147402,"^GSPC_z252":0.1866961618,"^TNX_z252":1.1830979671,"^VIX_z252":1.4132187304,"risk_regime":"Risk-Off","liquidity_regime":"Neutral"}