{"BTC-USD":69912.7890625,"DX-Y.NYB":99.2300033569,"ETH-USD":2137.423828125,"^GSPC":6606.490234375,"^TNX":4.2810001373,"^VIX":24.0599994659,"BTC-USD_ret_1d":-0.0187069724,"DX-Y.NYB_ret_1d":-0.0085921971,"ETH-USD_ret_1d":-0.0300624657,"^GSPC_ret_1d":-0.0027487977,"^TNX_ret_1d":0.0051656055,"^VIX_ret_1d":-0.0410522392,"BTC-USD_ret_20d":0.0441364237,"DX-Y.NYB_ret_20d":0.0132748192,"ETH-USD_ret_20d":0.0971269255,"^GSPC_ret_20d":-0.0372200512,"^TNX_ret_20d":0.0505522301,"^VIX_ret_20d":0.1893227885,"BTC-USD_ret_wtd":0.0260696848,"DX-Y.NYB_ret_wtd":0.0024245429,"ETH-USD_ret_wtd":0.080188255,"^GSPC_ret_wtd":-0.019811482,"^TNX_ret_wtd":0.0358093985,"^VIX_ret_wtd":-0.1841302254,"BTC-USD_ret_mtd":-0.1689777042,"DX-Y.NYB_ret_mtd":0.0230952216,"ETH-USD_ret_mtd":-0.2090573532,"^GSPC_ret_mtd":-0.0479230614,"^TNX_ret_mtd":0.0094317284,"^VIX_ret_mtd":0.3795870831,"BTC-USD_z63":-0.8488931885,"DX-Y.NYB_z63":1.0509569306,"ETH-USD_z63":-0.739507141,"^GSPC_z63":-2.820220351,"^TNX_z63":1.5215458176,"^VIX_z63":1.3834360899,"BTC-USD_z252":-1.7683815901,"DX-Y.NYB_z252":0.1816326645,"ETH-USD_z252":-0.9603200881,"^GSPC_z252":0.3951951737,"^TNX_z252":0.4121491027,"^VIX_z252":0.9159278557,"risk_regime":"Risk-Off","liquidity_regime":"Neutral"}