{"BTC-USD":70277.4375,"CL=F":88.9100036621,"DX-Y.NYB":99.1829986572,"ETH-USD":2143.8449707031,"GC=F":4469.7998046875,"^GSPC":6556.3701171875,"^TNX":4.3919997215,"^VIX":26.9500007629,"BTC-USD_ret_1d":-0.0089885516,"CL=F_ret_1d":0.0088506347,"DX-Y.NYB_ret_1d":0.002354742,"ETH-USD_ret_1d":-0.0038570921,"GC=F_ret_1d":0.0149178505,"^GSPC_ret_1d":-0.0037425745,"^TNX_ret_1d":0.0133824664,"^VIX_ret_1d":0.0305927784,"BTC-USD_ret_20d":0.096713333,"CL=F_ret_20d":0.3547159437,"DX-Y.NYB_ret_20d":0.0133122338,"ETH-USD_ret_20d":0.1569780242,"GC=F_ret_20d":-0.1330540413,"^GSPC_ret_20d":-0.0484319775,"^TNX_ret_20d":0.0890155541,"^VIX_ret_20d":0.3785167169,"BTC-USD_ret_wtd":-0.0097343245,"CL=F_ret_wtd":-0.0992806759,"DX-Y.NYB_ret_wtd":-0.0117277994,"ETH-USD_ret_wtd":0.0245065417,"GC=F_ret_wtd":-0.1153290837,"^GSPC_ret_wtd":-0.0114320948,"^TNX_ret_wtd":0.0249708,"^VIX_ret_wtd":-0.008826766,"BTC-USD_ret_mtd":-0.16464329,"CL=F_ret_mtd":0.3634412653,"DX-Y.NYB_ret_mtd":0.0226105871,"ETH-USD_ret_mtd":-0.2066812426,"GC=F_ret_mtd":-0.0517830465,"^GSPC_ret_mtd":-0.0551459901,"^TNX_ret_mtd":0.0356047017,"^VIX_ret_mtd":0.5452981616,"BTC-USD_z63":-0.7438748283,"CL=F_z63":1.5041532054,"DX-Y.NYB_z63":0.9358688638,"ETH-USD_z63":-0.6609148699,"GC=F_z63":-1.2476140689,"^GSPC_z63":-2.6401675177,"^TNX_z63":2.439449005,"^VIX_z63":1.8556435385,"BTC-USD_z252":-1.7115381673,"CL=F_z252":3.1176077837,"DX-Y.NYB_z252":0.197418681,"ETH-USD_z252":-0.95704543,"GC=F_z252":0.8686072721,"^GSPC_z252":0.276126146,"^TNX_z252":1.1787901815,"^VIX_z252":1.423961727,"risk_regime":"Risk-Off","liquidity_regime":"Neutral"}