{"BTC-USD":70710.59375,"DX-Y.NYB":99.1470031738,"ETH-USD":2151.2458496094,"^GSPC":6581.0,"^TNX":4.3340001106,"^VIX":26.1499996185,"BTC-USD_ret_1d":0.0026659234,"DX-Y.NYB_ret_1d":-0.0050476502,"ETH-USD_ret_1d":0.0022123391,"^GSPC_ret_1d":0.0114532005,"^TNX_ret_1d":-0.0129810262,"^VIX_ret_1d":-0.023525058,"BTC-USD_ret_20d":0.0943076923,"DX-Y.NYB_ret_20d":0.014810709,"ETH-USD_ret_20d":0.1593870086,"^GSPC_ret_20d":-0.0375489013,"^TNX_ret_20d":0.0757012459,"^VIX_ret_20d":0.2446453752,"BTC-USD_ret_wtd":-0.0036308042,"DX-Y.NYB_ret_wtd":-0.012086463,"ETH-USD_ret_wtd":0.0280432941,"^GSPC_ret_wtd":-0.007718407,"^TNX_ret_wtd":0.011435301,"^VIX_ret_wtd":-0.0382493893,"BTC-USD_ret_mtd":-0.1594945539,"DX-Y.NYB_ret_mtd":0.0222394614,"ETH-USD_ret_mtd":-0.2039425856,"^GSPC_ret_mtd":-0.0515965194,"^TNX_ret_mtd":0.0219287742,"^VIX_ret_mtd":0.4994265377,"BTC-USD_z63":-0.7280583267,"DX-Y.NYB_z63":0.9085690031,"ETH-USD_z63":-0.6698394934,"^GSPC_z63":-2.6149247515,"^TNX_z63":1.9271178721,"^VIX_z63":1.7461975463,"BTC-USD_z252":-1.6953872403,"DX-Y.NYB_z252":0.1560476791,"ETH-USD_z252":-0.9472250771,"^GSPC_z252":0.3324231104,"^TNX_z252":0.7773137243,"^VIX_z252":1.2870807798,"risk_regime":"Risk-Off","liquidity_regime":"Neutral"}